Elapsed Time;Working Time;Procrastination Time;Wandering Time;Notification
0.0;1;0;0;
0.61;2;0;0;
1.65;3;0;0;
2.65;4;0;0;
3.65;5;0;0;
4.66;6;0;0;
5.65;6;1;0;
6.68;6;2;0;
7.68;6;3;0;
8.68;6;4;0;
9.68;6;5;0;
10.68;6;6;0;
11.69;6;7;0;
12.7;6;8;0;
13.69;6;9;0;
14.75;7;9;0;
15.72;8;9;0;
16.75;9;9;0;
17.75;10;9;0;
18.75;11;9;0;
19.75;12;9;0;
20.75;13;9;0;
21.75;14;9;0;
22.75;15;9;0;
23.75;16;9;0;
24.78;17;9;0;
25.78;18;9;0;
26.98;19;9;0;
28.0;20;9;0;
29.08;21;9;0;
29.9;21;10;0;
30.81;21;11;0;
31.82;21;12;0;messaging, L0
32.85;21;13;0;
33.85;21;14;0;
34.85;21;15;0;
35.89;21;16;0;
36.85;21;17;0;
37.88;21;18;0;
38.88;21;19;0;
39.88;21;20;0;
40.88;21;21;0;
41.89;21;22;0;
42.92;21;23;0;
43.9;21;24;0;
44.9;21;25;0;
45.95;21;26;0;
46.95;22;26;0;
47.99;23;26;0;
48.95;24;26;0;
49.95;25;26;0;
50.98;26;26;0;
51.99;27;26;0;
52.98;28;26;0;
53.99;29;26;0;
54.99;30;26;0;
56.01;31;26;0;
57.01;32;26;0;
58.02;33;26;0;
59.05;34;26;0;
60.05;35;26;0;
61.05;36;26;0;
62.05;37;26;0;
63.06;38;26;0;
64.08;39;26;0;
65.08;40;26;0;
66.09;41;26;0;
67.08;42;26;0;
68.1;43;26;0;
69.15;44;26;0;
70.15;45;26;0;
71.15;46;26;0;
72.15;47;26;0;
73.15;48;26;0;
74.15;49;26;0;
75.18;50;26;0;
76.19;51;26;0;
77.19;52;26;0;
78.18;53;26;0;
79.18;54;26;0;
80.18;55;26;0;
81.19;56;26;0;
82.19;57;26;0;
83.22;58;26;0;
84.21;59;26;0;
85.25;60;26;0;
86.25;61;26;0;
87.25;62;26;0;
88.25;63;26;0;
89.25;64;26;0;
90.28;65;26;0;
91.29;66;26;0;
92.28;67;26;0;
93.28;68;26;0;
94.28;69;26;0;
95.3;70;26;0;
96.31;71;26;0;
97.32;72;26;0;
98.35;73;26;0;
99.35;74;26;0;
100.35;75;26;0;
101.35;76;26;0;
102.35;77;26;0;
103.38;77;27;0;
104.38;77;28;0;messaging, L1
105.38;77;29;0;
106.38;77;30;0;
107.39;77;31;0;
108.39;77;32;0;
109.41;77;33;0;
110.41;77;34;0;
111.45;77;35;0;
112.45;77;36;0;
113.42;77;37;0;
114.42;77;38;0;
115.45;78;38;0;
116.45;79;38;0;
117.45;80;38;0;
118.48;81;38;0;
119.48;82;38;0;
120.48;83;38;0;
121.48;84;38;0;
122.5;84;39;0;
123.5;84;40;0;
124.5;84;41;0;
125.51;85;41;0;
126.52;86;41;0;
127.53;87;41;0;
128.56;88;41;0;
129.55;89;41;0;
130.58;90;41;0;
131.58;91;41;0;
132.58;92;41;0;
133.58;92;42;0;
134.58;92;43;0;
135.6;92;44;0;
136.61;92;45;0;
137.65;92;46;0;
138.78;93;46;0;
140.88;94;46;0;
141.05;95;46;0;
141.65;96;46;0;
142.68;97;46;0;
143.66;98;46;0;
144.68;99;46;0;
145.68;100;46;0;
147.0;101;46;0;
147.75;102;46;0;
148.71;103;46;0;
149.75;104;46;0;
150.75;105;46;0;
151.75;106;46;0;
152.76;107;46;0;
153.78;108;46;0;
154.78;109;46;0;
155.79;110;46;0;
156.82;111;46;0;
157.81;112;46;0;
158.81;113;46;0;
159.81;114;46;0;
160.81;115;46;0;
161.82;116;46;0;
162.85;117;46;0;
163.88;118;46;0;
164.85;119;46;0;
165.86;120;46;0;
166.85;121;46;0;
167.88;122;46;0;
168.89;123;46;0;
169.89;123;47;0;
170.91;123;48;0;messaging, L2
171.91;123;49;0;
172.95;123;50;0;
173.95;123;51;0;
174.95;123;52;0;
175.95;123;53;0;
176.95;124;53;0;
177.96;125;53;0;
178.98;126;53;0;
179.98;127;53;0;
180.98;128;53;0;
181.99;129;53;0;
182.99;130;53;0;
183.98;131;53;0;
185.01;132;53;0;
186.02;133;53;0;
187.02;134;53;0;
188.05;135;53;0;
189.02;136;53;0;
190.05;137;53;0;
191.05;138;53;0;
192.05;139;53;0;
193.05;140;53;0;
194.05;141;53;0;
195.08;142;53;0;
196.09;143;53;0;
197.08;144;53;0;
198.09;145;53;0;
199.1;146;53;0;
200.12;147;53;0;
201.12;148;53;0;
202.15;149;53;0;
203.15;150;53;0;
204.15;151;53;0;
205.15;152;53;0;
206.18;153;53;0;
207.18;154;53;0;
208.18;155;53;0;
209.18;156;53;0;
210.19;157;53;0;
211.25;158;53;0;
212.22;159;53;0;
213.22;160;53;0;
214.25;161;53;0;
215.25;162;53;0;
216.22;163;53;0;
217.25;164;53;0;
218.28;165;53;0;
219.32;166;53;0;
220.58;167;53;0;
221.28;168;53;0;
222.28;169;53;0;
223.28;170;53;0;
224.28;171;53;0;
225.3;172;53;0;
226.3;173;53;0;
227.32;174;53;0;
228.32;175;53;0;
229.32;176;53;0;
230.35;177;53;0;
231.35;178;53;0;
232.38;179;53;0;
233.38;180;53;0;
234.39;181;53;0;
235.39;182;53;0;
236.4;183;53;0;
237.39;184;53;0;
238.41;185;53;0;
239.39;186;53;0;
240.41;187;53;0;
241.42;188;53;0;
242.41;189;53;0;
243.59;190;53;0;
244.55;191;53;0;
245.45;192;53;0;
246.45;193;53;0;
247.46;194;53;0;
248.48;195;53;0;
249.5;196;53;0;
250.49;197;53;0;
251.49;198;53;0;
252.5;199;53;0;
253.51;200;53;0;
254.52;201;53;0;
255.51;202;53;0;
256.55;203;53;0;
257.55;204;53;0;
258.58;205;53;0;
259.56;206;53;0;
260.59;207;53;0;
261.58;208;53;0;
262.58;209;53;0;
263.59;210;53;0;
264.6;211;53;0;
265.65;212;53;0;
266.6;213;53;0;
267.62;214;53;0;
268.62;215;53;0;
269.65;216;53;0;
270.62;217;53;0;
271.65;218;53;0;
272.68;219;53;0;
273.68;220;53;0;
274.68;221;53;0;
275.69;222;53;0;
276.7;223;53;0;
277.69;224;53;0;
278.7;225;53;0;
279.72;226;53;0;
280.72;226;54;0;messaging, L3
281.72;226;55;0;
282.75;226;56;0;
283.75;226;57;0;
284.75;227;57;0;
285.79;228;57;0;
286.76;229;57;0;
287.78;230;57;0;
288.79;231;57;0;
289.8;232;57;0;
290.8;233;57;0;
291.79;234;57;0;
292.81;235;57;0;
293.82;236;57;0;
294.81;237;57;0;
295.82;238;57;0;
296.85;239;57;0;
297.85;240;57;0;
298.88;241;57;0;
299.88;242;57;0;
300.88;243;57;0;
301.88;244;57;0;
302.89;245;57;0;
303.9;246;57;0;
304.91;247;57;0;
305.89;248;57;0;
306.91;249;57;0;
307.92;250;57;0;
308.92;251;57;0;
309.95;252;57;0;
310.95;253;57;0;
311.96;254;57;0;
313.0;255;57;0;
313.98;256;57;0;
315.01;257;57;0;
315.99;258;57;0;
316.98;259;57;0;
318.0;260;57;0;
319.01;261;57;0;
320.05;262;57;0;
321.05;263;57;0;
322.03;264;57;0;
323.05;265;57;0;
324.05;266;57;0;
325.05;267;57;0;
326.06;268;57;0;
327.08;269;57;0;
328.09;270;57;0;
329.08;271;57;0;
330.09;272;57;0;
331.09;273;57;0;
332.1;274;57;0;
333.11;275;57;0;
334.15;276;57;0;
335.15;277;57;0;
336.15;278;57;0;
337.15;279;57;0;
338.15;280;57;0;
339.18;281;57;0;
340.16;282;57;0;
341.15;283;57;0;
342.15;284;57;0;
343.18;285;57;0;
344.19;286;57;0;
345.18;287;57;0;
346.2;288;57;0;
347.2;289;57;0;
348.23;290;57;0;
349.21;291;57;0;
350.25;292;57;0;
351.25;293;57;0;
352.26;294;57;0;
353.25;295;57;0;
354.26;296;57;0;
355.29;297;57;0;
356.28;298;57;0;
357.28;299;57;0;
358.28;300;57;0;
359.29;301;57;0;
360.29;302;57;0;
361.3;303;57;0;
362.31;304;57;0;
363.3;305;57;0;
364.31;306;57;0;
365.31;307;57;0;
366.35;308;57;0;
367.35;309;57;0;
368.35;310;57;0;
369.38;311;57;0;
370.38;312;57;0;
371.38;313;57;0;
372.4;314;57;0;
373.39;315;57;0;
374.45;316;57;0;
375.42;317;57;0;
376.45;318;57;0;
377.45;319;57;0;
378.45;319;58;0;messaging, L4
379.45;319;59;0;
380.48;320;59;0;
381.48;321;59;0;
382.48;322;59;0;
383.48;323;59;0;
384.48;324;59;0;
385.48;325;59;0;
386.49;326;59;0;
387.5;327;59;0;
388.51;328;59;0;
389.55;329;59;0;
390.55;330;59;0;
391.55;331;59;0;
392.58;332;59;0;
393.58;333;59;0;
394.58;334;59;0;
395.65;335;59;0;
396.59;336;59;0;
397.6;337;59;0;
398.6;338;59;0;
399.61;339;59;0;
400.61;340;59;0;
401.65;341;59;0;
402.62;342;59;0;
403.65;343;59;0;
404.65;344;59;0;
405.65;345;59;0;
406.66;346;59;0;
407.7;347;59;0;
408.68;348;59;0;
409.69;349;59;0;
410.69;350;59;0;
411.75;351;59;0;
412.71;352;59;0;
413.72;353;59;0;
414.75;354;59;0;
415.75;355;59;0;
417.09;356;59;0;
417.76;357;59;0;
418.78;358;59;0;
419.78;359;59;0;
420.79;360;59;0;
421.79;361;59;0;
422.82;362;59;0;
423.81;363;59;0;
424.85;364;59;0;
425.82;365;59;0;
426.82;366;59;0;
427.85;367;59;0;
428.85;368;59;0;
429.85;369;59;0;
430.85;370;59;0;
431.88;371;59;0;
432.85;372;59;0;
433.88;373;59;0;
434.88;374;59;0;
435.9;375;59;0;
436.9;376;59;0;
437.9;377;59;0;
438.91;378;59;0;
439.91;379;59;0;
440.91;380;59;0;
441.92;381;59;0;
442.95;382;59;0;
443.95;383;59;0;
444.95;383;60;0;
445.96;383;61;0;messaging, L5
446.98;384;61;0;
447.98;385;61;0;
448.99;386;61;0;
449.99;387;61;0;
451.0;388;61;0;
452.0;389;61;0;
453.05;390;61;0;
454.05;391;61;0;
455.08;392;61;0;
456.05;393;61;0;
457.05;394;61;0;
458.08;395;61;0;
459.09;396;61;0;
460.09;397;61;0;
461.08;398;61;0;
462.12;399;61;0;
463.11;400;61;0;
464.15;401;61;0;
465.11;402;61;0;
466.12;403;61;0;
467.15;404;61;0;
468.15;405;61;0;
469.15;406;61;0;
470.15;407;61;0;
471.16;408;61;0;
472.18;409;61;0;
473.18;410;61;0;
474.18;411;61;0;
475.68;412;61;0;
476.22;413;61;0;
477.21;414;61;0;
478.21;415;61;0;
479.22;416;61;0;
480.25;417;61;0;
481.25;418;61;0;
482.25;419;61;0;
483.26;420;61;0;
484.28;421;61;0;
485.25;422;61;0;
486.28;423;61;0;
487.28;424;61;0;
488.28;425;61;0;
489.28;426;61;0;
490.29;427;61;0;
491.3;428;61;0;
492.29;429;61;0;
493.31;430;61;0;
494.31;431;61;0;
495.31;432;61;0;
496.35;433;61;0;
497.33;434;61;0;
498.35;435;61;0;
499.35;436;61;0;
500.36;437;61;0;
501.35;438;61;0;
502.36;439;61;0;
503.35;440;61;0;
504.35;441;61;0;
505.38;442;61;0;
506.39;443;61;0;
507.39;444;61;0;
508.39;445;61;0;
509.41;446;61;0;
510.45;447;61;0;
511.42;448;61;0;
512.42;449;61;0;
513.45;450;61;0;
514.45;451;61;0;
515.48;452;61;0;
516.51;453;61;0;
517.49;454;61;0;
518.5;455;61;0;
519.5;456;61;0;
520.52;457;61;0;
521.55;457;62;0;messaging, L6
522.55;457;63;0;
523.58;458;63;0;
524.58;458;64;0;
525.58;458;65;0;
526.58;458;66;0;
527.58;458;67;0;
528.58;459;67;0;
529.59;460;67;0;
530.61;461;67;0;
531.61;462;67;0;
532.62;463;67;0;
533.65;464;67;0;
534.65;465;67;0;
535.65;466;67;0;
536.68;467;67;0;
537.68;467;68;0;
538.68;467;69;0;
539.69;467;70;0;
540.7;467;71;0;
541.72;467;72;0;
542.7;467;73;0;
543.72;467;74;0;
544.75;467;75;0;
545.75;467;76;0;
546.75;467;77;0;
547.75;467;78;0;
548.78;467;79;0;
549.78;467;80;0;
550.79;467;81;0;
551.81;467;82;0;
552.82;467;83;0;
553.81;467;84;0;
554.82;467;85;0;
555.81;467;86;0;
556.82;467;87;0;
557.85;467;88;0;
558.85;467;89;0;
559.85;467;90;0;
560.88;467;91;0;
561.88;467;92;0;
562.88;467;93;0;
563.88;467;94;0;
564.89;467;95;0;
565.89;467;96;0;
566.88;467;97;0;
567.92;467;98;0;
568.91;467;99;0;
569.93;467;100;0;
570.95;467;101;0;
571.95;467;102;0;
572.95;467;103;0;
573.98;467;104;0;
574.96;467;105;0;
575.98;467;106;0;
576.98;467;107;0;
577.98;467;108;0;
578.99;467;109;0;
579.99;467;110;0;
581.01;467;111;0;
582.0;467;112;0;
583.02;468;112;0;messaging, L7
584.02;468;113;0;
585.02;468;114;0;
586.05;468;115;0;
587.02;468;116;0;
588.05;468;117;0;
589.05;468;118;0;
590.08;468;119;0;
591.08;468;120;0;
592.08;468;121;0;
593.08;468;122;0;
594.09;468;123;0;
595.1;468;124;0;
596.11;468;125;0;
597.15;468;126;0;
598.15;468;127;0;
599.15;469;127;0;
600.18;470;127;0;
601.18;471;127;0;
602.18;472;127;0;
603.18;473;127;0;
604.6;474;127;0;
605.4;475;127;0;
606.19;476;127;0;
607.19;477;127;0;
608.2;478;127;0;
609.23;479;127;0;
610.22;480;127;0;
611.25;481;127;0;
612.25;482;127;0;
613.25;483;127;0;
614.28;484;127;0;
615.39;485;127;0;
616.59;486;127;0;
617.28;487;127;0;
618.29;488;127;0;
619.3;489;127;0;
620.31;490;127;0;
621.32;491;127;0;
622.35;492;127;0;
623.35;493;127;0;
624.35;494;127;0;
625.35;495;127;0;
626.35;496;127;0;
627.35;497;127;0;
628.38;498;127;0;
629.38;499;127;0;
630.41;500;127;0;
631.41;501;127;0;
632.51;502;127;0;
633.41;503;127;0;
634.42;504;127;0;
635.41;505;127;0;
636.45;506;127;0;
637.48;507;127;0;
638.45;508;127;0;
639.45;509;127;0;
640.48;510;127;0;
641.48;511;127;0;
642.48;512;127;0;
643.49;513;127;0;
644.51;514;127;0;
645.5;515;127;0;
646.88;516;127;0;
647.89;517;127;0;
649.1;518;127;0;
649.51;519;127;0;
650.52;520;127;0;
651.58;521;127;0;
652.55;522;127;0;
653.55;523;127;0;
654.58;524;127;0;
655.58;525;127;0;
656.58;526;127;0;
657.58;527;127;0;
658.59;528;127;0;
659.59;529;127;0;
660.61;530;127;0;
661.61;531;127;0;
662.61;532;127;0;
663.65;533;127;0;
664.65;534;127;0;
665.65;535;127;0;
666.65;536;127;0;
667.66;537;127;0;
668.65;538;127;0;
669.65;539;127;0;
670.68;540;127;0;
671.68;541;127;0;
672.68;542;127;0;
673.69;543;127;0;
674.7;544;127;0;
675.72;545;127;0;
676.71;546;127;0;
677.72;547;127;0;
678.75;548;127;0;
679.73;549;127;0;
680.75;550;127;0;
681.75;551;127;0;
682.75;552;127;0;
683.78;553;127;0;
684.78;554;127;0;
685.78;555;127;0;
686.79;556;127;0;
687.79;557;127;0;
688.79;558;127;0;
689.81;559;127;0;
690.81;560;127;0;
691.86;561;127;0;
692.85;562;127;0;
693.85;563;127;0;
694.85;564;127;0;
696.09;565;127;0;
697.11;566;127;0;
697.88;567;127;0;
698.92;568;127;0;
699.88;569;127;0;
700.88;570;127;0;
701.89;571;127;0;
702.9;572;127;0;
703.9;573;127;0;
704.91;574;127;0;
705.95;575;127;0;
706.95;576;127;0;
707.95;577;127;0;
708.96;578;127;0;
709.96;579;127;0;
710.98;580;127;0;
711.98;581;127;0;
712.99;582;127;0;
714.0;583;127;0;
715.01;584;127;0;
716.01;585;127;0;
717.02;586;127;0;
718.05;587;127;0;
719.05;588;127;0;
720.05;589;127;0;
721.05;590;127;0;
722.05;591;127;0;
723.08;592;127;0;
724.09;593;127;0;
725.11;594;127;0;
726.08;595;127;0;
727.15;596;127;0;
728.11;597;127;0;
729.11;598;127;0;
730.15;599;127;0;
731.15;600;127;0;
733.12;601;127;0;
733.58;602;127;0;
734.18;603;127;0;
735.19;604;127;0;
736.2;605;127;0;
737.21;606;127;0;
738.22;607;127;0;
739.25;608;127;0;
740.22;609;127;0;
741.22;610;127;0;
742.25;611;127;0;
743.25;612;127;0;
744.25;613;127;0;
745.28;614;127;0;
746.28;615;127;0;
747.28;616;127;0;
748.42;617;127;0;
749.28;618;127;0;
750.29;619;127;0;
751.3;620;127;0;
752.31;621;127;0;
753.32;622;127;0;
754.3;623;127;0;
755.33;624;127;0;
756.35;625;127;0;
757.35;626;127;0;
758.38;627;127;0;
759.36;628;127;0;
760.35;629;127;0;
761.38;630;127;0;
762.48;631;127;0;
764.09;632;127;0;
764.4;633;127;0;
765.41;634;127;0;
766.41;635;127;0;
767.42;636;127;0;
768.45;637;127;0;
769.45;638;127;0;
770.46;639;127;0;
771.45;640;127;0;
772.51;641;127;0;
773.48;642;127;0;
774.48;643;127;0;
775.48;644;127;0;
776.49;645;127;0;
777.5;646;127;0;
778.51;647;127;0;
779.55;648;127;0;
780.55;649;127;0;
781.53;650;127;0;
782.55;651;127;0;
783.55;652;127;0;
784.55;653;127;0;
785.58;654;127;0;
786.6;655;127;0;
787.59;656;127;0;
788.61;657;127;0;
789.59;658;127;0;
790.62;659;127;0;
791.61;660;127;0;
792.65;661;127;0;
793.65;662;127;0;
794.65;663;127;0;
795.68;664;127;0;
796.66;665;127;0;
797.69;666;127;0;
798.7;667;127;0;
799.7;668;127;0;
800.72;669;127;0;
801.71;670;127;0;
802.73;671;127;0;
803.75;672;127;0;
804.73;673;127;0;
805.75;674;127;0;
806.78;675;127;0;
807.76;676;127;0;
808.78;677;127;0;
809.78;678;127;0;
810.78;679;127;0;
811.8;680;127;0;
812.82;681;127;0;
813.81;682;127;0;
814.8;683;127;0;
815.82;684;127;0;
816.85;685;127;0;
817.85;686;127;0;
818.85;687;127;0;
819.88;688;127;0;
820.85;689;127;0;
821.88;690;127;0;
823.18;691;127;0;
823.88;692;127;0;
824.9;693;127;0;
825.91;694;127;0;
826.92;695;127;0;
827.91;696;127;0;
828.92;697;127;0;
829.92;698;127;0;
830.91;699;127;0;
831.95;700;127;0;
832.95;701;127;0;
833.96;702;127;0;
834.96;703;127;0;
835.96;704;127;0;
836.98;705;127;0;
837.99;706;127;0;
839.0;707;127;0;
840.0;708;127;0;
841.02;709;127;0;
842.01;710;127;0;
843.05;711;127;0;
844.05;712;127;0;
845.05;713;127;0;
846.05;714;127;0;
847.05;715;127;0;
848.08;716;127;0;
849.08;717;127;0;
850.08;718;127;0;
851.1;719;127;0;
852.11;720;127;0;
853.18;721;127;0;
854.12;722;127;0;
855.15;723;127;0;
856.15;724;127;0;
857.15;725;127;0;
858.16;726;127;0;
859.19;727;127;0;
860.18;728;127;0;
861.19;729;127;0;
862.21;730;127;0;
863.21;731;127;0;
864.21;732;127;0;
865.25;733;127;0;
866.25;734;127;0;
867.25;734;128;0;messaging, L8
868.25;735;128;0;
869.28;736;128;0;
870.28;737;128;0;
871.28;738;128;0;
872.29;739;128;0;
873.3;740;128;0;
874.29;741;128;0;
875.29;742;128;0;
876.31;743;128;0;
877.29;744;128;0;
878.32;745;128;0;
879.35;746;128;0;
880.35;747;128;0;
881.35;748;128;0;
882.35;749;128;0;
883.36;750;128;0;
884.38;751;128;0;
885.38;752;128;0;
886.38;753;128;0;
887.38;754;128;0;
888.38;755;128;0;
889.39;756;128;0;
890.65;757;128;0;
891.58;758;128;0;
892.4;759;128;0;
893.41;760;128;0;
894.42;761;128;0;
895.45;762;128;0;
896.45;763;128;0;
897.45;764;128;0;
898.45;765;128;0;
899.45;766;128;0;
900.46;767;128;0;
901.45;768;128;0;
902.48;769;128;0;
903.48;770;128;0;
904.48;771;128;0;
905.48;772;128;0;
906.48;773;128;0;
907.65;774;128;0;
908.49;775;128;0;
909.5;776;128;0;
910.5;776;129;0;
911.52;776;130;0;
912.52;777;130;0;
913.53;778;130;0;
914.68;779;130;0;
915.55;780;130;0;
916.58;781;130;0;
917.58;782;130;0;
918.58;783;130;0;
919.58;784;130;0;
920.58;785;130;0;
921.62;786;130;0;
922.6;787;130;0;
923.62;788;130;0;
924.61;789;130;0;
925.63;790;130;0;
926.65;791;130;0;
927.65;792;130;0;
928.69;793;130;0;
929.68;794;130;0;
930.68;795;130;0;
931.68;796;130;0;
932.68;797;130;0;
933.71;798;130;0;
934.71;799;130;0;
935.9;800;130;0;
936.88;801;130;0;
937.71;802;130;0;
938.75;803;130;0;
939.75;804;130;0;
940.75;805;130;0;
941.78;806;130;0;
942.75;807;130;0;
943.78;808;130;0;
944.78;809;130;0;
945.78;810;130;0;
946.79;811;130;0;
947.8;812;130;0;
948.81;813;130;0;
949.82;814;130;0;
950.85;815;130;0;
951.85;816;130;0;
952.85;817;130;0;
953.88;818;130;0;
954.88;819;130;0;
955.88;820;130;0;
956.88;821;130;0;
957.89;822;130;0;
958.9;823;130;0;
959.9;824;130;0;
960.91;825;130;0;
961.95;826;130;0;
962.95;827;130;0;
963.95;828;130;0;
964.96;829;130;0;
965.98;830;130;0;
966.98;831;130;0;
967.98;832;130;0;
968.98;833;130;0;
969.99;834;130;0;
971.01;835;130;0;
972.01;836;130;0;
973.02;837;130;0;
974.02;838;130;0;
975.05;839;130;0;
976.05;840;130;0;
977.05;841;130;0;
978.08;842;130;0;
979.08;843;130;0;
980.09;844;130;0;
981.1;845;130;0;
982.11;846;130;0;
983.12;847;130;0;
984.28;848;130;0;
985.15;849;130;0;
986.15;850;130;0;
987.15;851;130;0;
988.19;852;130;0;
989.15;853;130;0;
990.21;854;130;0;
991.18;855;130;0;
992.18;856;130;0;
993.2;857;130;0;
994.2;858;130;0;
995.25;859;130;0;
996.21;860;130;0;
997.22;861;130;0;
998.25;862;130;0;
999.25;863;130;0;
1000.25;864;130;0;
1001.28;865;130;0;
1002.28;866;130;0;
1003.28;867;130;0;
1004.26;868;130;0;
1005.28;869;130;0;
1006.28;870;130;0;
1007.29;871;130;0;
1008.31;872;130;0;
1009.31;873;130;0;
1010.31;874;130;0;
1011.31;875;130;0;
1012.31;876;130;0;
1013.32;877;130;0;
1014.35;878;130;0;
1015.35;879;130;0;
1016.36;880;130;0;
1017.36;881;130;0;
1018.38;882;130;0;
1019.38;883;130;0;
1020.38;884;130;0;
1021.4;885;130;0;
1022.59;886;130;0;
1023.9;887;130;0;
1024.45;888;130;0;
1025.45;889;130;0;
1026.46;890;130;0;
1027.48;891;130;0;
1028.51;892;130;0;
1029.48;893;130;0;
1030.48;894;130;0;
1031.5;895;130;0;
1032.51;896;130;0;
1033.5;897;130;0;
1035.12;898;130;0;
1035.55;899;130;0;
1036.52;900;130;0;
1037.55;901;130;0;
1038.55;902;130;0;
1039.58;903;130;0;
1040.58;904;130;0;
1041.58;905;130;0;
1042.59;906;130;0;
1043.58;907;130;0;
1044.59;908;130;0;
1045.61;909;130;0;
1046.61;910;130;0;
1047.65;911;130;0;
1048.65;912;130;0;
1049.65;913;130;0;
1050.65;914;130;0;
1051.68;915;130;0;
1052.68;916;130;0;
1053.68;917;130;0;
1054.69;918;130;0;
1055.7;919;130;0;
1056.7;920;130;0;
1057.75;921;130;0;
1058.75;922;130;0;
1059.75;923;130;0;
1060.76;924;130;0;
1061.79;925;130;0;
1062.78;926;130;0;
1063.78;927;130;0;
1064.78;928;130;0;
1065.78;929;130;0;
1066.78;930;130;0;
1067.79;931;130;0;
1068.82;932;130;0;
1069.95;933;130;0;
1070.8;934;130;0;
1071.81;935;130;0;
1072.81;936;130;0;
1073.81;937;130;0;
1074.82;938;130;0;
1075.83;939;130;0;
1076.85;939;131;0;video, L0
1077.85;939;132;0;
1078.85;939;133;0;
1079.85;939;134;0;
1080.88;939;135;0;
1081.88;939;136;0;
1082.9;939;137;0;
1083.91;939;138;0;
1084.89;939;139;0;
1085.88;939;140;0;
1086.89;939;141;0;
1087.91;939;142;0;
1088.92;939;143;0;
1089.97;939;144;0;
1090.95;939;145;0;
1091.95;939;146;0;
1092.98;939;147;0;
1093.96;939;148;0;
1094.99;939;149;0;
1095.99;939;150;0;
1096.99;939;151;0;
1097.99;939;152;0;
1099.01;939;153;0;
1100.02;939;154;0;
1101.05;939;155;0;
1102.05;939;156;0;
1103.06;939;157;0;
1104.05;939;158;0;
1105.05;939;159;0;
1106.08;939;160;0;
1107.08;939;161;0;
1108.08;939;162;0;
1109.11;939;163;0;
1110.1;939;164;0;
1111.08;939;165;0;
1112.09;939;166;0;
1113.1;939;167;0;
1114.1;939;168;0;
1115.11;939;169;0;
1116.15;939;170;0;
1117.15;939;171;0;
1118.12;939;172;0;
1119.15;939;173;0;
1120.15;939;174;0;
1121.16;939;175;0;
1122.18;939;176;0;
1123.22;939;177;0;
1124.2;939;178;0;
1125.19;939;179;0;
1126.19;939;180;0;
1127.21;939;181;0;
1128.22;939;182;0;
1129.22;939;183;0;
1130.28;939;184;0;
1131.23;939;185;0;
1132.22;939;186;0;
1133.25;939;187;0;
1134.25;939;188;0;
1135.26;939;189;0;
1136.3;939;190;0;
1137.3;939;191;0;
1138.28;939;192;0;messaging, L0
1139.29;939;193;0;
1140.31;939;194;0;
1141.3;939;195;0;
1142.31;939;196;0;
1143.32;939;197;0;
1144.35;939;198;0;
1145.35;939;199;0;
1146.36;939;200;0;
1147.38;939;201;0;
1148.38;939;202;0;
1149.38;939;203;0;
1150.38;939;204;0;
1151.39;939;205;0;
1152.41;939;206;0;
1153.45;939;207;0;
1154.6;939;208;0;
1155.45;939;209;0;
1156.45;939;210;0;
1157.46;939;211;0;
1158.48;939;212;0;
1159.49;939;213;0;
1160.51;939;214;0;
1161.49;939;215;0;
1162.5;939;216;0;
1163.5;939;217;0;
1164.52;939;218;0;
1165.55;939;219;0;
1166.55;939;220;0;
1167.58;939;221;0;
1168.55;939;222;0;
1169.58;939;223;0;
1170.59;939;224;0;
1171.58;939;225;0;
1172.59;939;226;0;
1173.6;939;227;0;
1174.61;939;228;0;
1175.61;939;229;0;
1176.62;939;230;0;
1177.65;939;231;0;
1178.65;939;232;0;
1179.65;939;233;0;
1180.65;939;234;0;
1181.65;939;235;0;
1182.68;939;236;0;
1183.66;939;237;0;
1184.69;939;238;0;
1185.68;939;239;0;
1186.69;939;240;0;
1187.68;939;241;0;
1188.7;939;242;0;
1189.69;939;243;0;
1190.71;939;244;0;
1191.72;939;245;0;
1192.71;939;246;0;
1193.72;939;247;0;
1194.75;940;247;0;
1195.78;941;247;0;
1196.78;942;247;0;
1197.78;943;247;0;
1198.78;944;247;0;
1199.78;945;247;0;
1200.79;946;247;0;
1201.78;947;247;0;
1202.8;948;247;0;
1203.79;949;247;0;
1204.81;950;247;0;
1205.85;951;247;0;
1206.85;952;247;0;
1207.85;953;247;0;
1208.85;954;247;0;
1209.85;955;247;0;
1210.85;956;247;0;
1211.88;957;247;0;
1212.88;958;247;0;
1213.88;958;248;0;
1214.91;958;249;0;messaging, L1
1215.9;959;249;0;
1216.9;960;249;0;
1217.95;961;249;0;
1218.91;962;249;0;
1219.91;963;249;0;
1220.95;964;249;0;
1221.95;965;249;0;
1222.95;966;249;0;
1223.92;967;249;0;
1224.98;968;249;0;
1225.95;969;249;0;
1226.98;970;249;0;
1227.98;971;249;0;
1228.98;972;249;0;
1229.99;973;249;0;
1231.0;974;249;0;
1232.05;975;249;0;
1233.02;976;249;0;
1234.02;977;249;0;
1235.02;977;250;0;
1236.05;978;250;0;
1237.05;979;250;0;
1238.05;980;250;0;
1239.1;981;250;0;
1240.08;982;250;0;
1241.08;983;250;0;
1242.08;984;250;0;
1243.09;985;250;0;
1244.08;986;250;0;
1245.11;987;250;0;
1246.11;988;250;0;
1247.11;989;250;0;
1248.12;990;250;0;
1249.12;991;250;0;
1250.15;992;250;0;
1251.15;993;250;0;
1252.15;994;250;0;
1253.18;995;250;0;
1254.16;996;250;0;
1255.18;997;250;0;
1256.18;998;250;0;
1257.18;999;250;0;
1258.19;1000;250;0;
1259.19;1001;250;0;
1260.21;1002;250;0;
1261.21;1003;250;0;
1262.22;1004;250;0;
1263.25;1005;250;0;
1264.25;1006;250;0;
1265.26;1007;250;0;
1266.28;1008;250;0;
1267.28;1009;250;0;
1268.55;1010;250;0;
1269.31;1011;250;0;
1270.31;1012;250;0;
1271.3;1013;250;0;
1272.38;1014;250;0;
1273.35;1015;250;0;
1274.36;1016;250;0;
1275.39;1017;250;0;
1276.38;1017;251;0;messaging, L2
1277.38;1017;252;0;
1278.39;1018;252;0;
1279.4;1019;252;0;
1280.41;1020;252;0;
1281.42;1021;252;0;
1282.42;1022;252;0;
1283.45;1023;252;0;
1284.45;1023;253;0;
1285.5;1024;253;0;
1286.48;1025;253;0;
1287.48;1026;253;0;
1288.48;1027;253;0;
1289.48;1028;253;0;
1290.49;1029;253;0;
1291.5;1030;253;0;
1292.51;1031;253;0;
1293.55;1032;253;0;
1294.55;1033;253;0;
1295.55;1034;253;0;
1296.55;1035;253;0;
1297.55;1036;253;0;
1298.58;1036;254;0;
1299.56;1036;255;0;
1300.58;1036;256;0;
1301.58;1036;257;0;
1302.58;1036;258;0;
1303.58;1036;259;0;
1304.9;1036;260;0;
1305.62;1036;261;0;
1306.6;1036;262;0;
1307.62;1036;263;0;
1308.62;1037;263;0;
1309.65;1038;263;0;
1310.65;1039;263;0;
1311.68;1040;263;0;
1312.69;1041;263;0;
1313.69;1042;263;0;
1314.69;1043;263;0;
1315.68;1044;263;0;
1316.7;1045;263;0;
1317.7;1046;263;0;
1318.71;1046;264;0;
1319.75;1046;265;0;
1320.75;1046;266;0;
1321.75;1047;266;0;
1322.75;1048;266;0;
1323.78;1049;266;0;
1324.75;1050;266;0;
1325.78;1051;266;0;
1326.78;1052;266;0;
1327.78;1053;266;0;
1328.78;1054;266;0;
1329.79;1055;266;0;
1330.78;1056;266;0;
1331.79;1057;266;0;
1332.81;1058;266;0;
1333.81;1059;266;0;
1334.83;1060;266;0;
1335.85;1061;266;0;
1336.88;1062;266;0;
1338.18;1063;266;0;
1339.38;1064;266;0;
1339.85;1065;266;0;
1340.88;1066;266;0;
1341.88;1067;266;0;
1342.89;1068;266;0;
1343.88;1069;266;0;
1344.88;1070;266;0;
1345.9;1071;266;0;
1346.9;1072;266;0;
1347.91;1073;266;0;
1348.95;1074;266;0;
1349.95;1075;266;0;
1350.95;1076;266;0;
1351.95;1077;266;0;
1352.98;1078;266;0;
1353.98;1079;266;0;
1354.98;1080;266;0;
1355.99;1080;267;0;messaging, L3
1356.99;1080;268;0;
1358.0;1080;269;0;
1359.01;1080;270;0;
1360.05;1080;271;0;
1361.05;1080;272;0;
1362.08;1080;273;0;
1363.05;1080;274;0;
1364.08;1081;274;0;
1365.08;1082;274;0;
1366.08;1083;274;0;
1367.09;1084;274;0;
1368.1;1085;274;0;
1369.11;1086;274;0;
1370.12;1087;274;0;
1371.15;1087;275;0;
1372.18;1088;275;0;
1373.18;1089;275;0;
1374.18;1090;275;0;
1375.18;1091;275;0;
1376.18;1092;275;0;
1377.19;1093;275;0;
1378.22;1094;275;0;
1379.25;1095;275;0;
1380.21;1096;275;0;
1381.25;1097;275;0;
1382.25;1098;275;0;
1383.25;1099;275;0;
1384.25;1100;275;0;
1385.25;1101;275;0;
1386.28;1102;275;0;
1387.28;1103;275;0;
1388.28;1104;275;0;
1389.28;1105;275;0;
1390.29;1106;275;0;
1391.29;1107;275;0;
1392.29;1108;275;0;
1393.3;1109;275;0;
1394.32;1110;275;0;
1395.35;1111;275;0;
1396.32;1112;275;0;
1397.35;1113;275;0;
1398.35;1114;275;0;
1399.35;1115;275;0;
1400.38;1116;275;0;
1401.38;1117;275;0;
1402.38;1118;275;0;
1403.38;1119;275;0;
1404.38;1120;275;0;
1405.38;1121;275;0;
1406.38;1122;275;0;
1407.4;1123;275;0;
1408.38;1124;275;0;
1409.4;1125;275;0;
1410.41;1126;275;0;
1411.42;1127;275;0;
1412.42;1128;275;0;
1413.45;1129;275;0;
1414.45;1130;275;0;
1415.45;1131;275;0;
1416.48;1132;275;0;
1417.48;1133;275;0;
1418.49;1134;275;0;
1419.51;1135;275;0;
1420.51;1136;275;0;
1421.69;1137;275;0;
1423.01;1138;275;0;
1423.51;1139;275;0;
1424.55;1140;275;0;
1425.55;1141;275;0;
1426.55;1142;275;0;
1427.55;1143;275;0;
1428.55;1144;275;0;
1429.58;1145;275;0;
1430.58;1146;275;0;
1431.58;1147;275;0;
1432.6;1148;275;0;
1433.59;1149;275;0;
1434.6;1150;275;0;
1435.59;1151;275;0;
1436.61;1152;275;0;
1437.61;1153;275;0;
1438.61;1154;275;0;
1439.62;1155;275;0;
1440.68;1156;275;0;
1441.65;1157;275;0;
1442.65;1158;275;0;
1443.65;1159;275;0;
1444.68;1160;275;0;
1445.68;1161;275;0;
1446.69;1162;275;0;
1447.72;1163;275;0;
1448.7;1164;275;0;
1449.85;1165;275;0;
1450.89;1166;275;0;
1451.72;1167;275;0;
1452.72;1168;275;0;
1453.75;1169;275;0;
1454.75;1170;275;0;
1455.78;1171;275;0;
1456.75;1172;275;0;
1457.75;1173;275;0;
1458.75;1173;276;0;
1459.78;1173;277;0;messaging, L4
1460.78;1174;277;0;
1461.8;1175;277;0;
1462.81;1176;277;0;
1463.8;1177;277;0;
1464.82;1178;277;0;
1465.85;1179;277;0;
1466.85;1180;277;0;
1467.85;1181;277;0;
1468.85;1182;277;0;
1469.88;1183;277;0;
1470.88;1184;277;0;
1471.89;1185;277;0;
1472.89;1186;277;0;
1473.95;1187;277;0;
1474.92;1188;277;0;
1475.95;1189;277;0;
1476.92;1190;277;0;
1477.95;1191;277;0;
1478.95;1192;277;0;
1479.95;1193;277;0;
1480.99;1194;277;0;
1481.98;1195;277;0;
1482.98;1196;277;0;
1483.98;1197;277;0;
1485.01;1198;277;0;
1486.02;1199;277;0;
1487.01;1200;277;0;
1488.05;1201;277;0;
1489.05;1202;277;0;
1490.02;1203;277;0;
1491.05;1204;277;0;
1492.06;1205;277;0;
1493.08;1206;277;0;
1494.08;1207;277;0;
1495.08;1208;277;0;
1496.08;1209;277;0;
1497.1;1210;277;0;
1498.09;1211;277;0;
1499.11;1212;277;0;
1500.1;1213;277;0;
1501.11;1214;277;0;
1502.11;1215;277;0;
1503.12;1216;277;0;
1504.15;1217;277;0;
1505.15;1218;277;0;
1506.19;1219;277;0;
1507.16;1220;277;0;
1508.18;1221;277;0;
1509.18;1222;277;0;
1510.18;1223;277;0;
1511.18;1224;277;0;
1512.19;1225;277;0;
1513.2;1226;277;0;
1514.2;1227;277;0;
1515.22;1228;277;0;
1516.22;1229;277;0;
1517.25;1230;277;0;
1518.25;1231;277;0;
1519.28;1232;277;0;
1520.28;1233;277;0;
1521.3;1234;277;0;
1522.29;1235;277;0;
1523.3;1236;277;0;
1524.33;1237;277;0;
1525.32;1238;277;0;
1526.32;1239;277;0;
1527.35;1240;277;0;
1528.38;1241;277;0;
1529.35;1242;277;0;
1530.38;1243;277;0;
1531.36;1244;277;0;
1532.38;1245;277;0;
1533.4;1246;277;0;
1534.39;1247;277;0;
1535.41;1248;277;0;
1536.45;1249;277;0;
1537.45;1250;277;0;
1538.45;1251;277;0;
1539.48;1252;277;0;
1540.46;1253;277;0;
1541.49;1254;277;0;
1542.5;1255;277;0;
1543.49;1256;277;0;
1544.5;1257;277;0;
1545.53;1258;277;0;
1546.68;1259;277;0;
1547.62;1260;277;0;
1548.55;1261;277;0;
1549.58;1262;277;0;
1550.58;1263;277;0;
1551.59;1264;277;0;
1552.59;1265;277;0;
1553.61;1266;277;0;
1554.61;1267;277;0;
1555.62;1268;277;0;
1556.65;1269;277;0;
1557.65;1270;277;0;
1558.65;1271;277;0;
1559.65;1272;277;0;
1560.65;1273;277;0;
1561.68;1274;277;0;
1562.68;1275;277;0;
1563.69;1276;277;0;
1564.68;1277;277;0;
1565.71;1278;277;0;
1566.7;1279;277;0;
1567.71;1279;278;0;
1568.75;1279;279;0;messaging, L5
1569.75;1279;280;0;
1570.75;1279;281;0;
1571.75;1279;282;0;
1572.78;1279;283;0;
1573.8;1280;283;0;
1574.78;1281;283;0;
1575.78;1282;283;0;
1576.78;1283;283;0;
